{
  "main": {
    "id": "eb42b306d1e28703",
    "type": "split",
    "children": [
      {
        "id": "39e197ab9b89841e",
        "type": "tabs",
        "children": [
          {
            "id": "d23cbe5d323c78d0",
            "type": "leaf",
            "state": {
              "type": "markdown",
              "state": {
                "file": "00 - Movies/Pushpa2.md",
                "mode": "preview",
                "source": true
              },
              "icon": "lucide-file",
              "title": "Pushpa2"
            }
          },
          {
            "id": "4438c21b797f8563",
            "type": "leaf",
            "state": {
              "type": "markdown",
              "state": {
                "file": "00 - Movies/Batman Begins.md",
                "mode": "preview",
                "source": true
              },
              "icon": "lucide-file",
              "title": "Batman Begins"
            }
          }
        ],
        "currentTab": 1
      }
    ],
    "direction": "vertical"
  },
  "left": {
    "id": "2e898fb151e2a3a1",
    "type": "split",
    "children": [
      {
        "id": "6e50a3137788c655",
        "type": "tabs",
        "children": [
          {
            "id": "b1f58966753ae9f8",
            "type": "leaf",
            "state": {
              "type": "file-explorer",
              "state": {
                "sortOrder": "alphabetical",
                "autoReveal": true
              },
              "icon": "lucide-folder-closed",
              "title": "Files"
            }
          },
          {
            "id": "d4772f72253a07a9",
            "type": "leaf",
            "state": {
              "type": "search",
              "state": {
                "query": "tag:#movie",
                "matchingCase": false,
                "explainSearch": false,
                "collapseAll": false,
                "extraContext": false,
                "sortOrder": "alphabetical"
              },
              "icon": "lucide-search",
              "title": "Search"
            }
          },
          {
            "id": "cabfe04f3332bab0",
            "type": "leaf",
            "state": {
              "type": "bookmarks",
              "state": {},
              "icon": "lucide-bookmark",
              "title": "Bookmarks"
            }
          }
        ]
      }
    ],
    "direction": "horizontal",
    "width": 299.502742767334
  },
  "right": {
    "id": "d36459b52d2f3b27",
    "type": "split",
    "children": [
      {
        "id": "df58084c3bbcc308",
        "type": "tabs",
        "children": [
          {
            "id": "f94fc7f1eda19f06",
            "type": "leaf",
            "state": {
              "type": "backlink",
              "state": {
                "file": "00 - Movies/Exorcist.md",
                "collapseAll": false,
                "extraContext": false,
                "sortOrder": "alphabetical",
                "showSearch": false,
                "searchQuery": "",
                "backlinkCollapsed": false,
                "unlinkedCollapsed": true
              },
              "icon": "links-coming-in",
              "title": "Backlinks for Exorcist"
            }
          },
          {
            "id": "ed9a365dd1c01c7f",
            "type": "leaf",
            "state": {
              "type": "outline",
              "state": {
                "file": "00 - Movies/Annabelle.md",
                "followCursor": false,
                "showSearch": false,
                "searchQuery": ""
              },
              "icon": "lucide-list",
              "title": "Outline of Annabelle"
            }
          }
        ]
      },
      {
        "id": "11e3f8951f0ef7d5",
        "type": "tabs",
        "children": [
          {
            "id": "a99e79760423d947",
            "type": "leaf",
            "state": {
              "type": "outgoing-link",
              "state": {
                "file": "00 - Movies/Exorcist.md",
                "linksCollapsed": false,
                "unlinkedCollapsed": true
              },
              "icon": "links-going-out",
              "title": "Outgoing links from Exorcist"
            }
          }
        ]
      },
      {
        "id": "c69384c13c57d887",
        "type": "tabs",
        "children": [
          {
            "id": "88d713fbe0677892",
            "type": "leaf",
            "state": {
              "type": "graph",
              "state": {},
              "icon": "lucide-git-fork",
              "title": "Graph view"
            }
          },
          {
            "id": "03eae210620246b1",
            "type": "leaf",
            "state": {
              "type": "tag",
              "state": {
                "sortOrder": "frequency",
                "useHierarchy": true,
                "showSearch": false,
                "searchQuery": ""
              },
              "icon": "lucide-tags",
              "title": "Tags"
            }
          }
        ]
      }
    ],
    "direction": "horizontal",
    "width": 300.5,
    "collapsed": true
  },
  "left-ribbon": {
    "hiddenItems": {
      "switcher:Open quick switcher": false,
      "graph:Open graph view": false,
      "canvas:Create new canvas": false,
      "daily-notes:Open today's daily note": false,
      "templates:Insert template": false,
      "command-palette:Open command palette": false,
      "templater-obsidian:Templater": false
    }
  },
  "active": "4438c21b797f8563",
  "lastOpenFiles": [
    "03 - Genres/Fantasy.md",
    "00 - Movies/Batman Begins.md",
    "03 - Genres/Comedy.md",
    "00 - Movies/The Longest Yard.md",
    "This is a new note.md",
    "New note.md",
    "00 - Movies/Harry Potter and the Deathly Hollows.md",
    "00 - Movies/Exorcist.md",
    "00 - Movies/Annabelle.md",
    "00 - Movies/Saw.md",
    "03 - Genres/Genres_canvas.canvas",
    "00 - Movies/Pushpa2.md",
    "00 - Movies/The Notebook.md",
    "00 - Movies/Inception.md",
    "00 - Movies/Lord of the Rings - The Return of the King.md",
    "00 - Movies/Pushpa.md",
    "03 - Genres/Horror.md",
    "03 - Genres/Romantic.md",
    "99 - Obsidian Templates/Create Shows Template.md",
    "03 - Genres/Thriller.md",
    "99 - Obsidian Templates/Create Movie Template.md",
    "03 - Genres/South-indian.md",
    "Untitled 2.md",
    "Untitled 1.md",
    "01 - Shows",
    "00 - Movies/Genres/Untitled.md",
    "03 - Genres",
    "00 - Movies/Excorcist.md",
    "Movies/shit.md",
    "Movies",
    "99 - Obsidian Templates",
    "00 - Movies"
  ]
}