{
  "main": {
    "id": "c959321411b511b6",
    "type": "split",
    "children": [
      {
        "id": "bfd0b598bc90f27b",
        "type": "tabs",
        "children": [
          {
            "id": "34a6e8844ca171de",
            "type": "leaf",
            "state": {
              "type": "excalidraw",
              "state": {
                "file": "Excalidraw/Drawing 2025-03-19 02.00.32.excalidraw.md"
              },
              "icon": "excalidraw-icon",
              "title": "Drawing 2025-03-19 02.00.32.excalidraw"
            }
          },
          {
            "id": "7769f135466ec3ec",
            "type": "leaf",
            "state": {
              "type": "excalidraw",
              "state": {
                "file": "Excalidraw/Drawing 2025-03-19 02.00.32.excalidraw.md"
              },
              "icon": "excalidraw-icon",
              "title": "Drawing 2025-03-19 02.00.32.excalidraw"
            }
          }
        ]
      }
    ],
    "direction": "vertical"
  },
  "left": {
    "id": "92633070ecb57c32",
    "type": "mobile-drawer",
    "children": [
      {
        "id": "e2ffed4d38362f11",
        "type": "leaf",
        "state": {
          "type": "file-explorer",
          "state": {
            "sortOrder": "alphabetical",
            "autoReveal": true
          },
          "icon": "lucide-folder-closed",
          "title": "Files"
        }
      },
      {
        "id": "a1375c8dbcaad350",
        "type": "leaf",
        "state": {
          "type": "search",
          "state": {
            "query": "",
            "matchingCase": false,
            "explainSearch": false,
            "collapseAll": false,
            "extraContext": false,
            "sortOrder": "alphabetical"
          },
          "icon": "lucide-search",
          "title": "Search"
        }
      },
      {
        "id": "8a7f536312c62197",
        "type": "leaf",
        "state": {
          "type": "tag",
          "state": {
            "sortOrder": "frequency",
            "useHierarchy": true,
            "showSearch": false,
            "searchQuery": ""
          },
          "icon": "lucide-tags",
          "title": "Tags"
        }
      },
      {
        "id": "7c0a73c233796aee",
        "type": "leaf",
        "state": {
          "type": "bookmarks",
          "state": {},
          "icon": "lucide-bookmark",
          "title": "Bookmarks"
        }
      }
    ],
    "currentTab": 0,
    "pinned": true
  },
  "right": {
    "id": "0e5fc7962f783491",
    "type": "mobile-drawer",
    "children": [
      {
        "id": "a22802d93117968d",
        "type": "leaf",
        "state": {
          "type": "backlink",
          "state": {
            "file": "00 - Movies/Exorcist.md",
            "collapseAll": false,
            "extraContext": false,
            "sortOrder": "alphabetical",
            "showSearch": false,
            "searchQuery": "",
            "backlinkCollapsed": false,
            "unlinkedCollapsed": true
          },
          "icon": "links-coming-in",
          "title": "Backlinks"
        }
      },
      {
        "id": "7178314aed87549d",
        "type": "leaf",
        "state": {
          "type": "outgoing-link",
          "state": {
            "file": "00 - Movies/Batman Begins.md",
            "linksCollapsed": false,
            "unlinkedCollapsed": true
          },
          "icon": "links-going-out",
          "title": "Outgoing links"
        }
      },
      {
        "id": "386b4d2a42d6cb00",
        "type": "leaf",
        "state": {
          "type": "outline",
          "state": {
            "file": "00 - Movies/Batman Begins.md",
            "followCursor": false,
            "showSearch": false,
            "searchQuery": ""
          },
          "icon": "lucide-list",
          "title": "Outline"
        }
      }
    ],
    "currentTab": 0
  },
  "left-ribbon": {
    "hiddenItems": {
      "switcher:Open quick switcher": false,
      "graph:Open graph view": false,
      "canvas:Create new canvas": false,
      "daily-notes:Open today's daily note": false,
      "templates:Insert template": false,
      "command-palette:Open command palette": false,
      "templater-obsidian:Templater": false,
      "obsidian-excalidraw-plugin:New drawing": false
    }
  },
  "active": "34a6e8844ca171de",
  "lastOpenFiles": [
    "Excalidraw/Drawing 2025-03-19 02.00.32.excalidraw.md",
    "00 - Movies/Exorcist.md",
    "Excalidraw/Scripts/Downloaded/Scribble Helper.svg",
    "Excalidraw/Scripts/Downloaded/Scribble Helper.md",
    "Excalidraw/Scripts/Downloaded",
    "Excalidraw/Scripts",
    "Excalidraw",
    "New folder",
    "00 - Movies/Pushpa.md",
    "This is a a note notes.md",
    "This is a new note.md",
    "03 - Genres/Comedy.md",
    "03 - Genres/Fantasy.md",
    "03 - Genres/South-indian.md",
    "03 - Genres/Thriller.md",
    "03 - Genres/Romantic.md",
    "03 - Genres/Horror.md",
    "00 - Movies/Batman Begins.md",
    "00 - Movies/Pushpa2.md",
    "00 - Movies/Saw.md",
    "00 - Movies/The Longest Yard.md",
    "00 - Movies/Annabelle.md",
    "00 - Movies/Dodgeball.md",
    "00 - Movies/Lord of the Rings - The Return of the King.md",
    "00 - Movies/Harry Potter and the Deathly Hollows.md",
    "00 - Movies/Inception.md",
    "00 - Movies/The Notebook.md",
    "03 - Genres/Genres_canvas.canvas"
  ]
}